<?xml version="1.0" encoding="UTF-8"?>
<project-private xmlns="http://www.netbeans.org/ns/project-private/1">
    <editor-bookmarks xmlns="http://www.netbeans.org/ns/editor-bookmarks/2" lastBookmarkId="0"/>
    <open-files xmlns="http://www.netbeans.org/ns/projectui-open-files/2">
        <group>
            <file>file:/C:/Users/Admin/Documents/GitHub/automatas1/semana7/app_evaluacion2_expReg/src/app_evaluacion2_expreg/App_evaluacion2_expReg.java</file>
            <file>file:/C:/Users/Admin/Documents/GitHub/automatas1/semana7/app_evaluacion2_expReg/src/main.java</file>
        </group>
    </open-files>
</project-private>
